dataset,fold,train_start,train_end,test_start,test_end,total_pnl,sharpe,max_drawdown,max_drawdown_duration,trades,turnover,hit_rate,profit_factor,time_under_water,underwater_fraction,average_drawdown,ulcer_index,drawdown_recovery_ratio
deterministic_synthetic_engineering_validation,0,0,126,126,168,-2.145123877220154,-2.0282361716207293,-2.677629646780507,19,2,2.0,0.36363636363636365,0.4837156083054035,20,0.47619047619047616,-2.0964747271747104,1.5434055392594572,-0.8011279228997856
deterministic_synthetic_engineering_validation,1,42,168,168,210,-0.5123286715430011,-0.4428673837563611,-3.9539885931633063,34,3,3.0,0.3125,0.8772465703311543,35,0.8333333333333334,-2.8192074637967,2.7177519105555494,-0.1295726225484943
deterministic_synthetic_engineering_validation,2,84,210,210,252,-1.1238890396344121,-0.84651881783325,-2.4091524909093236,31,1,1.0,0.4838709677419355,0.8357951497697143,39,0.9285714285714286,-1.297958385454808,1.4847113203152276,-0.4665080537140284
deterministic_synthetic_engineering_validation,3,126,252,252,294,-2.3881870732718404,-2.5164659374731313,-2.7995546954289705,36,2,2.0,0.25,0.14754936708234986,37,0.8809523809523809,-2.7080816557805445,2.5783363067239815,-0.8530596230790565
