dataset,total_pnl,sharpe,max_drawdown,trades,hit_rate,profit_factor,turnover,average_holding_period,annualized_volatility,downside_deviation,sortino,tail_loss_95,expected_shortfall_95
deterministic_synthetic_engineering_validation,-11.901565255713393,-1.3191504561019358,-12.857903217170305,16,0.4344262295081967,0.6809284062633274,16.0,14.25,7.1049383302112545,0.36631164822098694,-1.611772142925493,0.7848065236796502,1.4430911429335624
