dataset,fold,train_start,train_end,test_start,test_end,total_pnl,sharpe,max_drawdown,max_drawdown_duration,trades,turnover,hit_rate,profit_factor,time_under_water
deterministic_synthetic_engineering_validation,0,0,126,126,168,-2.145123877220154,-2.0282361716207293,-2.677629646780507,19,2,2.0,0.36363636363636365,0.4837156083054035,20
deterministic_synthetic_engineering_validation,1,42,168,168,210,-0.5123286715430011,-0.4428673837563611,-3.9539885931633063,34,3,3.0,0.3125,0.8772465703311543,35
deterministic_synthetic_engineering_validation,2,84,210,210,252,-1.1238890396344121,-0.84651881783325,-2.4091524909093236,31,2,2.0,0.4838709677419355,0.8357951497697143,39
deterministic_synthetic_engineering_validation,3,126,252,252,294,-2.3881870732718404,-2.5164659374731313,-2.7995546954289705,36,2,2.0,0.25,0.14754936708234986,37
